<!--
* Copyright (C) 2012, Freescale Semiconductor, Inc. All Rights Reserved.
* The CFG element contains a list of recognized usb devices.
*  DEV elements provide a name, class, vid and pid for each device.
*
* Each LIST element contains a list of update instructions.
*  "Install" - Erase media and install firmware.
*  "Update" - Update firmware only.
*
* Each CMD element contains one update instruction of attribute type.
*  "pull" - Does UtpRead(body, file) transaction.
*  "push" - Does UtpWrite(body, file) transaction.
*  "drop" - Does UtpCommand(body) then waits for device to disconnect.
*  "boot" - Finds configured device, forces it to "body" device and downloads "file".
*  "find" - Waits for "timeout" seconds for the "body" device to connect.
*  "show" - Parse and show device info in "file".  
-->


<UCL>
  <CFG>
    <STATE name="BootStrap" dev="MX6SL" vid="15A2" pid="0063"/>
    <STATE name="BootStrap" dev="MX6D" vid="15A2" pid="0061"/>
    <STATE name="BootStrap" dev="MX6Q" vid="15A2" pid="0054"/>
    <STATE name="BootStrap" dev="MX6SX" vid="15A2" pid="0071"/>
  </CFG>

  <LIST name="Prototype-Efuses" desc="Burn e-fuses">
	<CMD state="BootStrap" type="boot" body="BootStrap" file ="firmware/u-boot-imx6q-%board%.imx" ifdev="MX6Q">Loading U-boot</CMD>
	<CMD state="BootStrap" type="boot" body="BootStrap" file ="firmware/u-boot-imx6dl-%board%.imx" ifdev="MX6D">Loading U-boot</CMD>

	<CMD state="BootStrap" type="jump" > Jumping to OS image. </CMD>
  </LIST>  

  <LIST name="Production-Efuses-Ultra" desc="Burn e-fuses">
	<CMD state="BootStrap" type="boot" body="BootStrap" file ="firmware/u-boot-imx6-%board%ultra.imx" ifdev="MX6Q">Loading U-boot</CMD>

	<CMD state="BootStrap" type="jump" > Jumping to OS image. </CMD>
  </LIST>

  <LIST name="Production-Efuses-Ultra-MT41K512M16VRN" desc="Burn e-fuses">
	<CMD state="BootStrap" type="boot" body="BootStrap" file ="firmware/u-boot-imx6-%board%ultra-MT41K512M16VRN.imx" ifdev="MX6Q">Loading U-boot</CMD>

	<CMD state="BootStrap" type="jump" > Jumping to OS image. </CMD>
  </LIST>

  <LIST name="Production-Efuses-Max4g" desc="Burn e-fuses">
	<CMD state="BootStrap" type="boot" body="BootStrap" file ="firmware/u-boot-imx6-%board%max4g.imx" ifdev="MX6Q">Loading U-boot</CMD>

	<CMD state="BootStrap" type="jump" > Jumping to OS image. </CMD>
  </LIST>

  <LIST name="Production-Efuses-Max" desc="Burn e-fuses">
	<CMD state="BootStrap" type="boot" body="BootStrap" file ="firmware/u-boot-imx6-%board%max.imx" ifdev="MX6Q">Loading U-boot</CMD>

	<CMD state="BootStrap" type="jump" > Jumping to OS image. </CMD>
  </LIST>

  <LIST name="Production-Efuses-Pro" desc="Burn e-fuses">
	<CMD state="BootStrap" type="boot" body="BootStrap" file ="firmware/u-boot-imx6-%board%pro.imx" ifdev="MX6Q">Loading U-boot</CMD>

	<CMD state="BootStrap" type="jump" > Jumping to OS image. </CMD>
  </LIST>

  <LIST name="Production-Efuses-Basic" desc="Burn e-fuses">
	<CMD state="BootStrap" type="boot" body="BootStrap" file ="firmware/u-boot-imx6-%board%basic.imx" ifdev="MX6D">Loading U-boot</CMD>

	<CMD state="BootStrap" type="jump" > Jumping to OS image. </CMD>
  </LIST>

  <LIST name="Production-Efuses-Lite" desc="Burn e-fuses">
	<CMD state="BootStrap" type="boot" body="BootStrap" file ="firmware/u-boot-imx6-%board%lite.imx" ifdev="MX6D">Loading U-boot</CMD>

	<CMD state="BootStrap" type="jump" > Jumping to OS image. </CMD>
  </LIST>
</UCL>
